{"cameraMode":{"drawMode":0,"name":"Shaded","section":"Shading Mode"},"sceneLighting":true,"audioPlay":false,"sceneViewState":{"m_AlwaysRefresh":false,"showFog":true,"showSkybox":true,"showFlares":true,"showImageEffects":true,"showParticleSystems":true,"showVisualEffectGraphs":true,"m_FxEnabled":true},"in2DMode":false,"pivot":{"x":0.9556857347488403,"y":-36.526004791259769,"z":-3.4516963958740236},"rotation":{"x":0.5851007699966431,"y":0.006795407272875309,"z":-0.003927156794816256,"w":0.81110680103302},"size":18.480968475341798,"orthographic":false}